Job ID,Job URL,Job Title,Company Name,Status,Timestamp,WP ID
4d3f5249c6940bfe,https://bo.linkedin.com/jobs/view/t%C3%A9cnico-a-de-educaci%C3%B3n-valles-interandinos-tupiza-potos%C3%AD-at-fundaci%C3%B3n-ayuda-en-acci%C3%B3n-4435490116,"Técnico/a de Educación Valles Interandinos, Tupiza - Potosí",,scraped,2026-07-06T23:56:24.707543,
76f466e24ffe66d5,https://bo.linkedin.com/jobs/view/profesores-universitarios-claustro-internacional-facultad-de-educaci%C3%B3n-y-humanidades-curso-2026-2027-at-universidad-internacional-de-la-rioja-4436074794,Profesores Universitarios Claustro Internacional Facultad de Educación y Humanidades | Curso 2026-2027,UNIR-Universidad Internacional de La Rioja,posted,2026-07-06T23:56:43.677611,18
0270e5296127fbd9,https://bo.linkedin.com/jobs/view/business-specilist-data-santa-cruz-bolivia-at-yape-4436733637,"Business Specilist Data - Santa Cruz, Bolivia",,scraped,2026-07-06T23:56:46.395341,
1ce5bd257a797e45,https://bo.linkedin.com/jobs/view/dise%C3%B1ador-gr%C3%A1fico-junior-at-ariadna-communications-group-4436117629,Diseñador Gráfico Junior,Ariadna Communications Group,posted,2026-07-06T23:57:00.090769,20
37d6b88b43bb7775,https://bo.linkedin.com/jobs/view/fall-aquarist-intern-tropical-gallery-at-colorado-state-university-environmental-learning-center-4435289224,Fall Aquarist Intern Tropical Gallery,Colorado State University Environmental Learning Center,posted,2026-07-06T23:57:09.817323,22
6c68c4fbc0b46778,https://bo.linkedin.com/jobs/view/spanish-interpreter-la-paz-bolivia-at-propio-language-services-4433975646,"Spanish Interpreter - La Paz, Bolivia",Propio Language Services,posted,2026-07-06T23:57:18.980982,24
eb024bd5571b370d,https://bo.linkedin.com/jobs/view/alternant-e-assistant-e-communication-h-f-at-walor-irapuato-4436985395,Alternant(e) Assistant(e) Communication (H/F),,scraped,2026-07-06T23:57:21.680721,
54861f00b2e53252,https://bo.linkedin.com/jobs/view/auxiliar-administrativo-at-in-tax-advisory-srl-4433731158,Auxiliar administrativo,IN Tax & Advisory SRL,posted,2026-07-06T23:57:39.496563,26
6e57236e8262cd73,https://bo.linkedin.com/jobs/view/asesor-de-clientes-express-at-millicom-tigo-4436967249,Asesor de Clientes - Express,,scraped,2026-07-06T23:57:42.071113,
0a06c2b592e24070,https://bo.linkedin.com/jobs/view/graphic-designer-and-marketing-assistant-at-microsourcing-4374715887,Graphic Designer and Marketing Assistant,,scraped,2026-07-06T23:57:48.630693,
27524721c92559be,https://bo.linkedin.com/jobs/view/docente-de-ingl%C3%A9s-tiempo-horario-at-upb-4433711327,Docente de Inglés Tiempo Horario,UPB,posted,2026-07-06T23:58:02.895314,28
28e96e5975ff740f,https://bo.linkedin.com/jobs/view/-at-institut-des-sciences-du-mouvement-ism-umr7287-aix-marseille-universit%C3%A9-cnrs-4431971599,-,Institut des Sciences du Mouvement (ISM-UMR7287) Aix Marseille Université & CNRS,posted,2026-07-06T23:58:50.329040,30
ed0e37e9e54b6c1b,https://bo.linkedin.com/jobs/view/enabling-functions-at-the-apprenticeship-guide-4433740806,Enabling Functions,,scraped,2026-07-06T23:58:53.117592,
35a04cb9b53292a2,https://bo.linkedin.com/jobs/view/sales-and-marketing-controller-at-essity-4433131472,Sales and Marketing Controller,,scraped,2026-07-06T23:59:01.156599,
ae21834c581ae63a,https://bo.linkedin.com/jobs/view/people-and-culture-partner-i-at-compassion-international-4435491096,People and Culture Partner I,Compassion International,posted,2026-07-06T23:59:17.175119,32
df7ea0bed40801d4,https://bo.linkedin.com/jobs/view/tech-lead-sanity-cms-remote-latin-america-at-fullstack-4427108647,Tech Lead (Sanity CMS) - Remote - Latin America,FullStack,posted,2026-07-06T23:59:26.654818,34
f170a2f112b27746,https://bo.linkedin.com/jobs/view/entrepreneur-in-residence-eir-at-the-flex-4436951243,Entrepreneur in Residence (EIR),,scraped,2026-07-06T23:59:29.267289,
bb3cb4332142f8f6,https://bo.linkedin.com/jobs/view/tech-lead-sanity-cms-remote-latin-america-at-fullstack-4427113155,Tech Lead (Sanity CMS) - Remote - Latin America,FullStack,posted,2026-07-06T23:59:41.120290,34
c254410970ce46f9,https://bo.linkedin.com/jobs/view/consultor-de-la-propiedad-inmobiliaria-at-century-21-blurealty-4435840545,Consultor de la propiedad inmobiliaria,Century 21 BluRealty,posted,2026-07-06T23:59:52.716675,36
99eabf5b6eac6cfd,https://bo.linkedin.com/jobs/view/marketing-ppc-specialist-%2B-customer-service-at-freedom-desarrollo-inmobiliario-4435454680,Marketing & PPC Specialist + Customer Service,,scraped,2026-07-06T23:59:55.333741,
3a28ca367a288114,https://bo.linkedin.com/jobs/view/education-research-and-innovation-experts-at-ntu-international-a-s-4437192741,"Education, Research and Innovation Experts",,scraped,2026-07-07T00:00:02.358666,
0ef631d98b363883,https://bo.linkedin.com/jobs/view/video-editor-at-microsourcing-4374716805,Video Editor,,scraped,2026-07-07T00:00:10.067179,
feda2064719a363f,https://bo.linkedin.com/jobs/view/mid-weight-intermediate-graphic-designers-at-beepo-4416467353,Mid-Weight/Intermediate Graphic Designers,,scraped,2026-07-07T00:00:16.841129,
cfe5270e85496204,https://bo.linkedin.com/jobs/view/bookkeeper-at-cs-outsource-4436017083,Bookkeeper,CS Outsource,posted,2026-07-07T00:00:29.482971,38
8f6a20c15e1d8d0c,https://bo.linkedin.com/jobs/view/auxiliar-de-logistica-internacional-at-colher-4433978930,AUXILIAR DE LOGISTICA INTERNACIONAL,Colher,posted,2026-07-07T00:00:43.181681,40
446b8e9afba2a86c,https://bo.linkedin.com/jobs/view/human-resources-assistant-coordinator-at-microsourcing-4407420650,Human Resources Assistant - Coordinator,,scraped,2026-07-07T00:00:45.794989,
ffb30ee26d6af000,https://bo.linkedin.com/jobs/view/l%C3%ADder-de-desarrollo-corporativo-y-alianzas-acad%C3%A9micas-latam-remoto-at-aicad-4434970548,Líder de Desarrollo Corporativo y Alianzas Académicas | LATAM (Remoto),AICAD Business School,posted,2026-07-07T00:01:01.800325,42
5b053bc93da8ac91,https://bo.linkedin.com/jobs/view/jefe-nacional-de-trade-marketing-at-jobhunters-comunidad-4436266197,JEFE NACIONAL DE TRADE MARKETING,Jobhunters comunidad,posted,2026-07-07T00:01:12.403563,44
3ed9e7582514276b,https://bo.linkedin.com/jobs/view/%CF%83%CF%8D%CE%BC%CE%B2%CE%BF%CF%85%CE%BB%CE%BF%CE%B9-%CE%B5%CE%BE%CF%85%CF%80%CE%B7%CF%81%CE%AD%CF%84%CE%B7%CF%83%CE%B7%CF%82-%CF%84%CF%81%CE%B1%CF%80%CE%B5%CE%B6%CE%B9%CE%BA%CF%8E%CE%BD-%CF%80%CE%B5%CE%BB%CE%B1%CF%84%CF%8E%CE%BD-%CE%B5%CE%B9%CF%83%CE%B5%CF%81%CF%87%CF%8C%CE%BC%CE%B5%CE%BD%CE%B5%CF%82-%CE%B5%CF%80%CE%B9%CE%BA%CE%BF%CE%B9%CE%BD%CF%89%CE%BD%CE%AF%CE%B5%CF%82-at-wherewework-jobs-4436032536,Σύμβουλοι Εξυπηρέτησης Τραπεζικών Πελατών - Εισερχόμενες Επικοινωνίες,wherewework Jobs,posted,2026-07-07T00:02:29.848746,46
84a27d251d3f4d3f,https://bo.linkedin.com/jobs/view/international-competition-for-1-assistant-professor-in-the-subject-area-of-public-policy-at-the-department-of-political-science-and-public-policy-at-iscte-instituto-universit%C3%A1rio-de-lisboa-at-iscte-f%C3%B3rum-recrutamento-inclusivo-4432753927,International competition for 1 Assistant Professor in the subject area of Public Policy at the Department of Political Science and Public Policy at Iscte - Instituto Universitário de Lisboa,,scraped,2026-07-07T00:02:32.332468,
54bc9f64b75aff38,https://bo.linkedin.com/jobs/view/critical-raw-materials-experts-at-ntu-international-a-s-4437122386,Critical Raw Materials Experts,,scraped,2026-07-07T00:02:39.684103,
e1248a6d5fd5c01f,https://bo.linkedin.com/jobs/view/international-competition-for-1-assistant-professor-in-the-subject-area-of-public-policy-at-the-department-of-political-science-and-public-policy-at-iscte-instituto-universit%C3%A1rio-de-lisboa-at-iscte-f%C3%B3rum-recrutamento-inclusivo-4432767176,International competition for 1 Assistant Professor in the subject area of Public Policy at the Department of Political Science and Public Policy at Iscte - Instituto Universitário de Lisboa,,scraped,2026-07-07T00:02:47.251218,
55f5197602c89343,https://bo.linkedin.com/jobs/view/international-competition-for-1-assistant-professor-in-the-subject-area-of-%E2%80%8B%E2%80%8Bstatistics-and-data-analysis-at-the-department-of-quantitative-methods-at-iscte-instituto-universit%C3%A1rio-de-lisboa-at-iscte-f%C3%B3rum-recrutamento-inclusivo-4432771042,International competition for 1 Assistant Professor in the subject area of Statistics and Data Analysis at the Department of Quantitative Methods at Iscte - Instituto Universitário de Lisboa,,scraped,2026-07-07T00:02:54.523960,
f7cc66d70f6e0b9b,https://bo.linkedin.com/jobs/view/climate-change-and-circular-economy-experts-at-ntu-international-a-s-4437132715,Climate Change and Circular Economy Experts,,scraped,2026-07-07T00:04:05.459126,
8d40030877ad1ed9,https://bo.linkedin.com/jobs/view/b2b-analista-de-productos-at-millicom-tigo-4436151052,B2B Analista de Productos,,scraped,2026-07-07T00:04:12.814047,
ea54325611e0cfa8,https://bo.linkedin.com/jobs/view/international-competition-for-1-assistant-professor-in-the-subject-area-of-%E2%80%8B%E2%80%8Bpsychology-at-the-department-of-psychology-at-iscte-instituto-universit%C3%A1rio-de-lisboa-at-iscte-f%C3%B3rum-recrutamento-inclusivo-4432759716,International competition for 1 Assistant Professor in the subject area of Psychology at the Department of Psychology at Iscte - Instituto Universitário de Lisboa,,scraped,2026-07-07T00:04:19.023642,
10475f3fec37b55e,https://bo.linkedin.com/jobs/view/business-operations-automation-specialist-at-gracemark-solutions-4437477457,Business Operations & Automation Specialist,GraceMark Solutions,posted,2026-07-07T00:04:33.678343,48
62a15b76942331c9,https://bo.linkedin.com/jobs/view/especialista-en-desarrollo-de-negocios-at-revista-c%C3%A1bala-4433998602,Especialista en desarrollo de negocios,,scraped,2026-07-07T00:04:36.391780,
6f9422a070925934,https://bo.linkedin.com/jobs/view/asesor-de-viajes-100%25-remoto-at-dreamport-4436078558,Asesor de Viajes (100% remoto),,scraped,2026-07-07T00:04:44.818008,
882bf2f2eb57733e,https://bo.linkedin.com/jobs/view/asesor-comercial-at-thisan-tecnolog%C3%ADa-hidrosanitaria-4433114930,Asesor comercial,Thisan - Tecnología Hidrosanitaria,posted,2026-07-07T00:04:59.452888,50
0cbd14b8dd425192,https://bo.linkedin.com/jobs/view/analista-de-aplica%C3%A7%C3%A3o-e-vendas-at-emerson-4436909278,Analista de Aplicação e Vendas,Emerson,posted,2026-07-07T00:05:09.796521,52
730e72810dd9d63a,https://bo.linkedin.com/jobs/view/board-member-at-friends-of-mother-earth-4437413836,Board Member,,scraped,2026-07-07T00:05:12.365118,
15ee95a30f47d114,https://bo.linkedin.com/jobs/view/rig-mechanical-and-surface-wce-inspection-engineer-at-agr-4435556317,Rig Mechanical and Surface WCE Inspection Engineer,,scraped,2026-07-07T00:05:18.972587,
773495898a634c5d,https://bo.linkedin.com/jobs/view/asesor-de-ventas-at-helplearte-consultores-4433795641,Asesor de Ventas,Helplearte Consultores,posted,2026-07-07T00:05:36.911090,54
8397d60c6228b285,https://bo.linkedin.com/jobs/view/principal-electrical-engineer-at-red-6-4436150563,Principal Electrical Engineer,Red 6,posted,2026-07-07T00:05:46.410365,56
f9d831b8b11739e1,https://bo.linkedin.com/jobs/view/dietary-aide-full-time-at-pikes-peak-post-acute-4435371109,Dietary Aide Full-Time,Pikes Peak Post Acute,posted,2026-07-07T00:05:55.891334,58
fd1e0749c81365e7,https://bo.linkedin.com/jobs/view/senior-next-js-developer-at-proxify-4292501725,Senior Next.js Developer,,scraped,2026-07-07T00:05:58.514946,
bae798d1a6c99ad5,https://bo.linkedin.com/jobs/view/lead-technical-support-engineer-at-mercor-4418651469,Lead Technical Support Engineer,Mercor,posted,2026-07-07T00:07:16.265922,60
ee6bf9d4d57aef6f,https://bo.linkedin.com/jobs/view/growth-marketer-at-the-flex-4436785130,Growth Marketer,,scraped,2026-07-07T00:07:18.846382,
19c3607d0f4b4916,https://bo.linkedin.com/jobs/view/international-competition-for-1-assistant-professor-in-the-subject-area-of-%E2%80%8B%E2%80%8Baccounting-at-the-department-of-accounting-at-iscte-instituto-universit%C3%A1rio-de-lisboa-at-iscte-f%C3%B3rum-recrutamento-inclusivo-4432757762,International competition for 1 Assistant Professor in the subject area of Accounting at the Department of Accounting at Iscte - Instituto Universitário de Lisboa,,scraped,2026-07-07T00:07:26.035521,
0876f86013aae502,https://bo.linkedin.com/jobs/view/supervisor-produ%C3%A7%C3%A3o-tr%C3%AAs-rios-at-ball-corporation-4437470933,Supervisor Produção (Três Rios),Ball Corporation,posted,2026-07-07T00:07:40.659393,62
6fe6b771ee9c0ece,https://bo.linkedin.com/jobs/view/experto-en-seguridad-it-at-millicom-tigo-4436920099,EXPERTO EN SEGURIDAD IT,,scraped,2026-07-07T00:07:43.221311,
9b830898bebc70b2,https://bo.linkedin.com/jobs/view/project-scheduler-at-microsourcing-4378769679,Project Scheduler,,scraped,2026-07-07T00:07:49.514981,
7bbb42a26b06480f,https://bo.linkedin.com/jobs/view/representante-visitador-m%C3%A9dico-at-humanova-lab-corporation-4433101040,Representante visitador médico,humanova Lab Corporation,posted,2026-07-07T00:08:02.909617,64
3c8381beec02c1d5,https://bo.linkedin.com/jobs/view/lider-de-data-center-at-millicom-tigo-4436916212,LIDER DE DATA CENTER,,scraped,2026-07-07T00:08:05.504059,
8193d838b8c6f2e8,https://bo.linkedin.com/jobs/view/product-administrator-at-microsourcing-4371738228,Product Administrator,,scraped,2026-07-07T00:09:15.468935,
2c7d3482dd1c0a6e,https://bo.linkedin.com/jobs/view/tier-1-support-specialist-at-microsourcing-4387831447,Tier 1 Support Specialist,,scraped,2026-07-07T00:11:31.724043,
8bb7cdbfefc26c66,https://bo.linkedin.com/jobs/view/talent-acquisition-specialist-at-microsourcing-4407180106,Talent Acquisition Specialist,,scraped,2026-07-07T00:12:41.903471,
d72a4960e890b220,https://bo.linkedin.com/jobs/view/technical-support-coordinator-at-microsourcing-4369431700,Technical Support Coordinator,,scraped,2026-07-07T00:12:48.432703,
d180536b667c3273,https://bo.linkedin.com/jobs/view/marketing-specialist-at-cs-outsource-4436243253,Marketing Specialist,CS Outsource,posted,2026-07-07T00:13:02.386788,66
cb6c2447473b224a,https://bo.linkedin.com/jobs/view/coordinador-a-de-trade-marketing-at-empleos-by-trabajito-4433995696,Coordinador(a) de Trade Marketing,Empleos by Trabajito,posted,2026-07-07T00:13:11.925399,68
d96eedac57c3676a,https://bo.linkedin.com/jobs/view/accounting-specialist-at-microsourcing-4428639761,Accounting Specialist,,scraped,2026-07-07T00:13:14.541640,
50873972807c6664,https://bo.linkedin.com/jobs/view/stellenbezeichnung%0A-%0A-%0A-kfm-mitarbeiter-m-w-d-im-verkauf-innendienst-at-mega-eg-4436311410,"Stellenbezeichnung
            
                
                    Kfm. Mitarbeiter (m/w/d) im Verkauf-Innendienst",,scraped,2026-07-07T00:14:24.619097,
f4bd663c0c89f173,https://bo.linkedin.com/jobs/view/rig-inspection-hse-specialist-at-agr-4435555463,Rig Inspection HSE Specialist,,scraped,2026-07-07T00:14:32.585992,
efae85e83e6a7ef2,https://bo.linkedin.com/jobs/view/middle-school-social-studies-teacher-at-santa-cruz-christian-learning-center-4431928967,Middle School Social Studies Teacher,Santa Cruz Christian Learning Center,posted,2026-07-07T00:15:04.888463,70
4f899c7843a3ef71,https://bo.linkedin.com/jobs/view/accounting-supervisor-at-microsourcing-4418070763,Accounting Supervisor,,scraped,2026-07-07T00:15:07.497115,
d367380fbbf13143,https://bo.linkedin.com/jobs/view/instructor-at-asp-dotnet-core-clean-architecture-4433922300,Instructor,ASP DOTNET Core Clean Architecture,posted,2026-07-07T00:15:21.855066,72
3ca68d97a01d83d8,https://bo.linkedin.com/jobs/view/agentic-aws-devops-engineer-remote-latin-america-at-fullstack-4407582800,Agentic AWS DevOps Engineer - Remote - Latin America,FullStack,posted,2026-07-07T00:15:32.639590,74
a0262694b6375f7c,https://bo.linkedin.com/jobs/view/outbound-telesales-team-lead-at-microsourcing-4418916581,Outbound Telesales Team Lead,,scraped,2026-07-07T00:15:35.288687,
5a43989105efed10,https://bo.linkedin.com/jobs/view/mid-level-cms-engineer-sanity-remote-latin-america-at-fullstack-4434627863,Mid-Level CMS Engineer (Sanity) - Remote - Latin America,FullStack,posted,2026-07-07T00:15:49.704800,76
35b19a4d855b0607,https://bo.linkedin.com/jobs/view/agentic-product-designer-remote-latin-america-at-fullstack-4417330675,Agentic Product Designer - Remote - Latin America,FullStack,posted,2026-07-07T00:15:58.873300,78
ca08ee311180bcf2,https://bo.linkedin.com/jobs/view/concurso-para-1-professor-a-associado-na-%C3%A1rea-disciplinar-de-opera%C3%A7%C3%B5es-e-log%C3%ADstica-do-departamento-de-marketing-opera%C3%A7%C3%B5es-e-gest%C3%A3o-geral-do-iscte-instituto-universit%C3%A1rio-de-lisboa-at-iscte-f%C3%B3rum-recrutamento-inclusivo-4432765249,"Concurso para 1 Professor/a Associado na área disciplinar de Operações e Logística, do Departamento de Marketing, Operações e Gestão Geral do Iscte - Instituto Universitário de Lisboa",,scraped,2026-07-07T00:16:01.340473,
4f12473f4b464f2d,https://bo.linkedin.com/jobs/view/knowledge-base-analyst-servicenow-at-microsourcing-4367081166,Knowledge Base Analyst - ServiceNow,,scraped,2026-07-07T00:16:08.971891,
31d74ec551cdcc60,https://bo.linkedin.com/jobs/view/mid-level-cms-engineer-sanity-remote-latin-america-at-fullstack-4434638252,Mid-Level CMS Engineer (Sanity) - Remote - Latin America,FullStack,posted,2026-07-07T00:16:18.282138,76
5bac352b2fe77a01,https://bo.linkedin.com/jobs/view/project-analyst-epmo-at-microsourcing-4425617423,Project Analyst (EPMO),,scraped,2026-07-07T00:16:21.020927,
afc0bd95cea55a22,https://bo.linkedin.com/jobs/view/agentic-elixir-engineer-remote-latin-america-at-fullstack-4388210055,Agentic Elixir Engineer - Remote - Latin America,FullStack,posted,2026-07-07T00:16:34.297672,80
6eb0e7dcd7fc10d7,https://bo.linkedin.com/jobs/view/site-reliability-engineer-at-co4-corp-4436770017,Site Reliability Engineer,CO4 Corp,posted,2026-07-07T00:16:43.548700,82
4e8f9eec7155eb1a,https://bo.linkedin.com/jobs/view/civiledge-data-admin-at-microsourcing-4376530893,Civiledge Data Admin,,scraped,2026-07-07T00:16:46.088505,
4f3c471a555ed05c,https://bo.linkedin.com/jobs/view/senior-electrical-engineer-at-beepo-4418069862,Senior Electrical Engineer,,scraped,2026-07-07T00:16:52.754187,
ba890926749b8bf2,https://bo.linkedin.com/jobs/view/facilities-and-administration-associate-at-microsourcing-4418068435,Facilities and Administration Associate,,scraped,2026-07-07T00:16:59.997249,
48b8d7514af98848,https://bo.linkedin.com/jobs/view/rig-mechanical-marine-inspection-engineer-at-agr-4435555542,Rig Mechanical Marine Inspection Engineer,,scraped,2026-07-07T00:17:06.633230,
7bbe9b6ba57c0844,https://bo.linkedin.com/jobs/view/fleet-maintenance-controller-intermediate-at-microsourcing-4369436581,Fleet Maintenance Controller (intermediate),,scraped,2026-07-07T00:18:17.631415,
089dfd860291692a,https://bo.linkedin.com/jobs/view/m%C3%A9decin-prescripteur-h-f-at-lna-sant%C3%A9-4436952828,Médecin Prescripteur h/f,,scraped,2026-07-07T00:19:28.296272,
92041c69401c3382,https://bo.linkedin.com/jobs/view/desarrollador-senior-at-ticsys-4433981483,Desarrollador Senior,,scraped,2026-07-07T00:19:35.838804,
3f9cda7e3783fc62,https://bo.linkedin.com/jobs/view/people-development-officer-at-microsourcing-4418074149,People Development Officer,,scraped,2026-07-07T00:19:43.239017,
4dae71551f127b26,https://bo.linkedin.com/jobs/view/ingeniero-de-soluciones-corporativas-b2b-at-millicom-tigo-4436150065,INGENIERO DE SOLUCIONES CORPORATIVAS B2B,,scraped,2026-07-07T00:19:49.777681,
940ed43e66b30b0e,https://bo.linkedin.com/jobs/view/technical-support-representative-at-microsourcing-4400507869,Technical Support Representative,,scraped,2026-07-07T00:19:56.291205,
670ecb098141e830,https://bo.linkedin.com/jobs/view/principal-data-engineer-remote-latin-america-at-fullstack-4436431409,Principal Data Engineer - Remote - Latin America,FullStack,posted,2026-07-07T00:20:11.936420,84
a9beca22e26b9254,https://bo.linkedin.com/jobs/view/ux-ui-designer-at-the-flex-4436379503,UX/UI Designer,,scraped,2026-07-07T00:20:14.503126,
510d71554402c4d1,https://bo.linkedin.com/jobs/view/crm-migration-specialist-b2b-au-telco-at-microsourcing-4434948703,CRM Migration Specialist (B2B AU Telco),,scraped,2026-07-07T00:21:29.033762,
07a3f776956a9cba,https://bo.linkedin.com/jobs/view/principal-data-engineer-remote-latin-america-at-fullstack-4436429448,Principal Data Engineer - Remote - Latin America,FullStack,posted,2026-07-07T00:21:38.333113,84
203c1a7ebf2c324c,https://bo.linkedin.com/jobs/view/concurso-para-1-professor-a-associado-na-%C3%A1rea-disciplinar-de-direito-do-departamento-de-economia-pol%C3%ADtica-do-iscte-instituto-universit%C3%A1rio-de-lisboa-at-iscte-f%C3%B3rum-recrutamento-inclusivo-4432766190,"Concurso para 1 Professor/a Associado na área disciplinar de Direito, do Departamento de Economia Política do Iscte - Instituto Universitário de Lisboa",,scraped,2026-07-07T00:21:40.895545,
788b4111e838404c,https://bo.linkedin.com/jobs/view/senior-graphic-designer-at-beepo-4417467781,Senior Graphic Designer,,scraped,2026-07-07T00:21:48.487946,
386b97330b2e5377,https://bo.linkedin.com/jobs/view/r%C3%A9f%C3%A9rent-qualit%C3%A9-h-f-at-lna-sant%C3%A9-4436959430,Référent Qualité H/F,,scraped,2026-07-07T00:23:00.123427,
fa736491400bd595,https://bo.linkedin.com/jobs/view/t%C3%A9cnico-a-de-assist%C3%AAncia-t%C3%A9cnica-at-emerson-4436103967,Técnico(a) de Assistência Técnica,Emerson,posted,2026-07-07T00:23:15.713009,86
6a9b88185e2be459,https://bo.linkedin.com/jobs/view/consultor%C3%ADa-para-la-evaluaci%C3%B3n-participativa-de-emprendimientos-vinculados-a-la-marca-tacana-at-practical-action-en-am%C3%A9rica-latina-4435789315,Consultoría para la evaluación participativa de emprendimientos vinculados a la Marca Tacana,,scraped,2026-07-07T00:23:18.547851,
a1960e5749cc76db,https://bo.linkedin.com/jobs/view/analista-de-atendimento-ao-cliente-at-emerson-4436112653,Analista de Atendimento ao Cliente,Emerson,posted,2026-07-07T00:24:36.364526,88
6ef1a2e2b41a544b,https://bo.linkedin.com/jobs/view/junior-project-coordinator-at-microsourcing-4434964522,Junior Project Coordinator,,scraped,2026-07-07T00:24:39.130479,
23622bce1585d85b,https://bo.linkedin.com/jobs/view/operations-intern-pedidosya-market-cbba-at-pedidosya-4406587587,Operations Intern PedidosYa Market CBBA,,scraped,2026-07-07T00:24:45.796110,
f6d621e84a16b1d5,https://bo.linkedin.com/jobs/view/voluntariado-ingenier%C3%ADa-comercial-at-asociaci%C3%B3n-centro-wi%C3%B1ay-bolivia-4435829410,Voluntariado Ingeniería Comercial,Asociación Centro Wiñay - Bolivia,posted,2026-07-07T00:24:59.718164,90
1e95d4fb0ca51da3,https://bo.linkedin.com/jobs/view/listing-content-optimizer-%2B-ai-video-specialist-at-freedom-desarrollo-inmobiliario-4435455560,Listing & Content Optimizer + AI Video Specialist,,scraped,2026-07-07T00:25:02.338018,
3812525ce2621c62,https://bo.linkedin.com/jobs/view/commercial-intern-cochabamba-at-pedidosya-4406597480,Commercial Intern Cochabamba,,scraped,2026-07-07T00:25:08.735212,
5778df8c6828e32b,https://bo.linkedin.com/jobs/view/agentic-aws-devops-engineer-remote-latin-america-at-fullstack-4407573906,Agentic AWS DevOps Engineer - Remote - Latin America,FullStack,posted,2026-07-07T00:26:21.585902,74
8cfb93870aca096d,https://bo.linkedin.com/jobs/view/aws-devops-engineer-linux-remote-latin-america-at-fullstack-4435338186,AWS DevOps Engineer (Linux) - Remote - Latin America,FullStack,posted,2026-07-07T00:26:31.626409,92
707e0ee03a1a0b7b,https://bo.linkedin.com/jobs/view/wms-architect-at-litmus7-4417725275,WMS Architect,Litmus7,posted,2026-07-07T00:26:41.299553,94
aee06ea468114cc5,https://bo.linkedin.com/jobs/view/aws-devops-engineer-linux-remote-latin-america-at-fullstack-4435338184,AWS DevOps Engineer (Linux) - Remote - Latin America,FullStack,posted,2026-07-07T00:26:46.205381,92
c961d3f5b955d523,https://bo.linkedin.com/jobs/view/tech-lead-sanity-cms-remote-latin-america-at-fullstack-4427113154,Tech Lead (Sanity CMS) - Remote - Latin America,FullStack,posted,2026-07-07T00:26:50.987567,34
6a69d27abe3b9186,https://bo.linkedin.com/jobs/view/principal-data-engineer-remote-latin-america-at-fullstack-4436435281,Principal Data Engineer - Remote - Latin America,FullStack,posted,2026-07-07T00:26:55.891856,84
